<?xml version='1.0' encoding='UTF-8'?>
<jdbc-data-source xmlns="http://xmlns.oracle.com/weblogic/jdbc-data-source" xmlns:sec="http://xmlns.oracle.com/weblogic/security" xmlns:wls="http://xmlns.oracle.com/weblogic/security/wls" xmlns:xsi="http://www.w3.org/2001/XMLSchema-instance" xsi:schemaLocation="http://xmlns.oracle.com/weblogic/jdbc-data-source http://xmlns.oracle.com/weblogic/jdbc-data-source/1.0/jdbc-data-source.xsd">
  <name>PetstoreDB</name>
  <jdbc-driver-params>
    <url>jdbc:oracle:thin:@localhost:1521/pdborcl</url>
    <driver-name>oracle.jdbc.xa.client.OracleXADataSource</driver-name>
    <properties>
      <property>
        <name>user</name>
        <value>petstore</value>
      </property>
    </properties>
    <password-encrypted>{AES}yMDrKDz9E4tNUYCTq49i4OWVSy/5KLhnhMGpK2oilDg=</password-encrypted>
  </jdbc-driver-params>
  <jdbc-connection-pool-params>
    <test-table-name>SQL SELECT 1 FROM DUAL</test-table-name>
  </jdbc-connection-pool-params>
  <jdbc-data-source-params>
    <jndi-name>jdbc/PetstoreDB</jndi-name>
    <global-transactions-protocol>TwoPhaseCommit</global-transactions-protocol>
  </jdbc-data-source-params>
</jdbc-data-source>
