CREATE TABLE ADMINISTRATORS (ID NUMBER(38) NOT NULL, EMAIL VARCHAR2(255), PASSWORD VARCHAR2(255), USERNAME VARCHAR2(255), VERSION NUMBER(38), PRIMARY KEY (ID));
CREATE TABLE PATIENTS (ID NUMBER(38) NOT NULL, DOB DATE, EMAIL VARCHAR2(255), GENDER VARCHAR2(255), PASSWORD VARCHAR2(255), PHONE VARCHAR2(255), SSN VARCHAR2(255), STATUS VARCHAR2(255), USERNAME VARCHAR2(255), VERSION NUMBER(38), CITY VARCHAR2(255), COUNTRY VARCHAR2(255), "STATE" VARCHAR2(255), STREET1 VARCHAR2(255), STREET2 VARCHAR2(255), ZIP VARCHAR2(255), FIRSTNAME VARCHAR2(255), LASTNAME VARCHAR2(255), MIDDLENAME VARCHAR2(255), PRIMARY KEY (ID));
CREATE TABLE PATIENTS_RECORDS (PATIENT_ID NUMBER(38) NOT NULL, RECORDS_ID NUMBER(38) NOT NULL, PRIMARY KEY (PATIENT_ID, RECORDS_ID));
CREATE TABLE PHYSICIANS (ID NUMBER(38) NOT NULL, EMAIL VARCHAR2(255), PASSWORD VARCHAR2(255), PHONE VARCHAR2(255), USERNAME VARCHAR2(255), VERSION NUMBER(38), FIRSTNAME VARCHAR2(255), LASTNAME VARCHAR2(255), MIDDLENAME VARCHAR2(255), PRIMARY KEY (ID));
CREATE TABLE PRESCRIPTIONS (ID NUMBER(38) NOT NULL, DATE_PRESCRIBED DATE, DOSAGE VARCHAR2(255), DRUG VARCHAR2(255), FREQUENCY VARCHAR2(255), INSTRUCTIONS VARCHAR2(255), REFILLS_REMAINING NUMBER(38), VERSION NUMBER(38), PRIMARY KEY (ID));
CREATE TABLE RECORDS (ID NUMBER(38) NOT NULL, CREATE_DATE DATE, DIAGNOSIS VARCHAR2(255), NOTES VARCHAR2(255), SYMPTOMS VARCHAR2(255), VERSION NUMBER(38), DIASTOLIC_BLOOD_PRESSURE NUMBER(38), HEIGHT NUMBER(38), PULSE NUMBER(38), SYSTOLIC_BLOOD_PRESSURE NUMBER(38), TEMPERATURE NUMBER(38), WEIGHT NUMBER(38), PATIENT_ID NUMBER(38) NOT NULL, PHYSICIAN_ID NUMBER(38) NOT NULL, PRIMARY KEY (ID));
CREATE TABLE RECORDS_PRESCRIPTIONS (RECORD_ID NUMBER(38) NOT NULL, PRESCRIPTIONS_ID NUMBER(38) NOT NULL, PRIMARY KEY (PRESCRIPTIONS_ID, RECORD_ID));
CREATE TABLE "SEQUENCE" (SEQ_NAME VARCHAR2(50) NOT NULL, SEQ_COUNT NUMBER(15), PRIMARY KEY (SEQ_NAME));



INSERT INTO ADMINISTRATORS (ID, EMAIL, PASSWORD, USERNAME, VERSION) 	VALUES (16, 'admin@avitek.com', 'weblogic', 'admin@avitek.com', 1);

INSERT INTO PATIENTS (ID, DOB, EMAIL, GENDER, PASSWORD, PHONE, SSN, STATUS, USERNAME, VERSION, CITY, COUNTRY, "STATE", STREET1, STREET2, ZIP, FIRSTNAME, LASTNAME, MIDDLENAME) VALUES (4, '06-AUG-2014 ', 'charlie@star.com', 'MALE', 'weblogic', '4151234564', '444444444', 'APPROVED', 'charlie@star.com', 2, 'Ponte Verde', 'United States', 'Florida', '235 Montgomery St', 'Suite 15', '32301', 'Charlie', 'Florida', 'E');
INSERT INTO PATIENTS (ID, DOB, EMAIL, GENDER, PASSWORD, PHONE, SSN, STATUS, USERNAME, VERSION, CITY, COUNTRY, "STATE", STREET1, STREET2, ZIP, FIRSTNAME, LASTNAME, MIDDLENAME) VALUES (6, '02-JAN-1982 ', 'page@fish.com', 'MALE', 'weblogic', '4151234564', '888888888', 'APPROVED', 'page@fish.com', 1, 'Ponte Verde', 'United States', 'Florida', '235 Montgomery St', 'Suite 15', '32301', 'Page', 'Trout', 'A');
INSERT INTO PATIENTS (ID, DOB, EMAIL, GENDER, PASSWORD, PHONE, SSN, STATUS, USERNAME, VERSION, CITY, COUNTRY, "STATE", STREET1, STREET2, ZIP, FIRSTNAME, LASTNAME, MIDDLENAME) VALUES (5, '03-JAN-1981 ', 'volley@ball.com', 'MALE', 'weblogic', '4151234564', '333333333', 'APPROVED', 'volley@ball.com', 1, 'San Francisco', 'United States', 'California', '1224 Post St', 'Suite 100', '94115', 'Gabrielle', 'Spiker', 'H');
INSERT INTO PATIENTS (ID, DOB, EMAIL, GENDER, PASSWORD, PHONE, SSN, STATUS, USERNAME, VERSION, CITY, COUNTRY, "STATE", STREET1, STREET2, ZIP, FIRSTNAME, LASTNAME, MIDDLENAME) VALUES (2, '04-JAN-1975 ', 'fred@golf.com', 'MALE', 'weblogic', '4151234564', '123456789', 'APPROVED', 'fred@golf.com', 1, 'San Francisco', 'United States', 'California', '1224 Post St', 'Suite 100', '94115', 'Fred', 'Winner', 'I');
INSERT INTO PATIENTS (ID, DOB, EMAIL, GENDER, PASSWORD, PHONE, SSN, STATUS, USERNAME, VERSION, CITY, COUNTRY, "STATE", STREET1, STREET2, ZIP, FIRSTNAME, LASTNAME, MIDDLENAME) VALUES (3, '05-JAN-1969 ', 'larry@bball.com', 'MALE', 'weblogic', '4151234564', '777777777', 'APPROVED', 'larry@bball.com', 1, 'San Francisco', 'United States', 'California', '1224 Post St', 'Suite 100', '94115', 'Larry', 'Parrot', 'J');

INSERT INTO PHYSICIANS (ID, EMAIL, PASSWORD, PHONE, USERNAME, VERSION, FIRSTNAME, LASTNAME, MIDDLENAME) VALUES (1, 'mary@md.com', 'weblogic', '1234567812', 'mary@md.com', 1, 'Mary', 'Oblige', 'J');

INSERT INTO PRESCRIPTIONS (ID, DATE_PRESCRIBED, DOSAGE, DRUG, FREQUENCY, INSTRUCTIONS, REFILLS_REMAINING, VERSION) VALUES (11, '30-JUN-2008 ', '10 oz', 'Codeine', '1/6hrs', NULL, 1, 1);
INSERT INTO PRESCRIPTIONS (ID, DATE_PRESCRIBED, DOSAGE, DRUG, FREQUENCY, INSTRUCTIONS, REFILLS_REMAINING, VERSION) VALUES (8, '18-JUL-2009 ', '100 tbls', 'Advil', '1/4hrs', NULL, 0, 1);
INSERT INTO PRESCRIPTIONS (ID, DATE_PRESCRIBED, DOSAGE, DRUG, FREQUENCY, INSTRUCTIONS, REFILLS_REMAINING, VERSION) VALUES (9, '18-JUL-2009 ', '16 oz', 'Drixoral', '1tspn/4hrs', NULL, 0, 1);

INSERT INTO RECORDS (ID, CREATE_DATE, DIAGNOSIS, NOTES, SYMPTOMS, VERSION, DIASTOLIC_BLOOD_PRESSURE, HEIGHT, PULSE, SYSTOLIC_BLOOD_PRESSURE, TEMPERATURE, WEIGHT, PATIENT_ID, PHYSICIAN_ID) 	VALUES (10, '30-JUN-2008', 'Common cold. Prescribed codiene cough syrup.', 'Call back if not better in 10 days.', 'Sneezing, coughing, stuffy head.', 1, 85, 70, 75, 125, 98, 180, 2, 1);
INSERT INTO RECORDS (ID, CREATE_DATE, DIAGNOSIS, NOTES, SYMPTOMS, VERSION, DIASTOLIC_BLOOD_PRESSURE, HEIGHT, PULSE, SYSTOLIC_BLOOD_PRESSURE, TEMPERATURE, WEIGHT, PATIENT_ID, PHYSICIAN_ID) 	VALUES (13, '01-MAY-2011', 'Allergic to coffee.  Drink tea.', NULL, 'Drowsy all day.', 1, 85, 70, 75, 125, 98, 180, 6, 1);
INSERT INTO RECORDS (ID, CREATE_DATE, DIAGNOSIS, NOTES, SYMPTOMS, VERSION, DIASTOLIC_BLOOD_PRESSURE, HEIGHT, PULSE, SYSTOLIC_BLOOD_PRESSURE, TEMPERATURE, WEIGHT, PATIENT_ID, PHYSICIAN_ID) 	VALUES (7, '18-JUL-2009', 'Mild stroke.  Aspirin advised.', 'Patient needs to stop smoking.', 'Complains about chest pain.', 1, 85, 70, 75, 125, 98, 180, 2, 1);
INSERT INTO RECORDS (ID, CREATE_DATE, DIAGNOSIS, NOTES, SYMPTOMS, VERSION, DIASTOLIC_BLOOD_PRESSURE, HEIGHT, PULSE, SYSTOLIC_BLOOD_PRESSURE, TEMPERATURE, WEIGHT, PATIENT_ID, PHYSICIAN_ID) 	VALUES (14, '01-MAY-2009', 'Patient is crazy.  Recommend politics.', NULL, 'Overjoyed with everything.', 1, 85, 70, 75, 125, 98, 180, 3, 1);
INSERT INTO RECORDS (ID, CREATE_DATE, DIAGNOSIS, NOTES, SYMPTOMS, VERSION, DIASTOLIC_BLOOD_PRESSURE, HEIGHT, PULSE, SYSTOLIC_BLOOD_PRESSURE, TEMPERATURE, WEIGHT, PATIENT_ID, PHYSICIAN_ID) 	VALUES (12, '05-AUG-2010', 'Severely sprained interior ligament.  Surgery required.', 'Cast will be necessary before and after.', 'Twisted knee while playing soccer.', 1, 85, 70, 75, 125, 98, 180, 2, 1);
INSERT INTO RECORDS (ID, CREATE_DATE, DIAGNOSIS, NOTES, SYMPTOMS, VERSION, DIASTOLIC_BLOOD_PRESSURE, HEIGHT, PULSE, SYSTOLIC_BLOOD_PRESSURE, TEMPERATURE, WEIGHT, PATIENT_ID, PHYSICIAN_ID) 	VALUES (15, '01-MAY-2010', 'Lite cast needed.', 'At least 20 sprained ankles since 15.', 'Sprained ankle.', 1, 85, 70, 75, 125, 98, 180, 5, 1);

INSERT INTO RECORDS_PRESCRIPTIONS (RECORD_ID, PRESCRIPTIONS_ID) 	VALUES (7, 8);
INSERT INTO RECORDS_PRESCRIPTIONS (RECORD_ID, PRESCRIPTIONS_ID) 	VALUES (7, 9);
INSERT INTO RECORDS_PRESCRIPTIONS (RECORD_ID, PRESCRIPTIONS_ID) 	VALUES (10, 11);

INSERT INTO "SEQUENCE" (SEQ_NAME, SEQ_COUNT) VALUES ('SEQ_GEN', 200);

commit;



