{
    "partition": {
        "name": "Microcontainer1",
        "primary-identity-domain": "idd_Microcontainer1",
        "default-target": [{"virtual-target": {"name": "Microcontainer1-AdminServer-virtualTarget"}}],
        "realm": {"name": "myrealm"},
        "available-target": [{"virtual-target": {"name": "Microcontainer1-AdminServer-virtualTarget"}}]
    },
    "resource-group": {
        "name": "Microcontainer1-ResourceGroup",
        "app-deployment": {
            "name": "petstore",
            "target": "",
            "module-type": "war",
            "source-path": "partitions\/Microcontainer1\/system\/servers\/AdminServer\/upload\/petstore.12.war",
            "deployment-order": 100,
            "security-dd-model": "DDOnly",
            "staging-mode": "stage"
        },
        "target": [{"virtual-target": {"name": "Microcontainer1-AdminServer-virtualTarget"}}],
        "jdbc-system-resource": {
            "name": "PetstoreDB",
            "descriptor-file-name": "partitions\/Microcontainer1\/jdbc\/PetstoreDB-6368-jdbc.xml"
        }
    }
}