<?xml version='1.0' encoding='UTF-8'?>
<domain xmlns="http://xmlns.oracle.com/weblogic/domain" xmlns:sec="http://xmlns.oracle.com/weblogic/security" xmlns:wls="http://xmlns.oracle.com/weblogic/security/wls" xmlns:xsi="http://www.w3.org/2001/XMLSchema-instance" xsi:schemaLocation="http://xmlns.oracle.com/weblogic/domain http://xmlns.oracle.com/weblogic/1.0/domain.xsd">
  <name>${DOMAIN_NAME}</name>
  <domain-version>${DOMAIN_VERSION}</domain-version>
  <security-configuration>
    <default-realm xsi:nil="true"></default-realm>
  </security-configuration>
  <partition>
    <name>Microcontainer1</name>
    <resource-group>
      <name>Microcontainer1-ResourceGroup</name>
      <app-deployment>
        <name>petstore</name>
        <target></target>
        <module-type>war</module-type>
        <source-path>partitions/Microcontainer1/system/servers/AdminServer/upload/petstore.12.war</source-path>
        <deployment-order>100</deployment-order>
        <security-dd-model>DDOnly</security-dd-model>
        <staging-mode>stage</staging-mode>
      </app-deployment>
      <jdbc-system-resource>
        <name>PetstoreDB</name>
        <descriptor-file-name>partitions/Microcontainer1/jdbc/PetstoreDB-6368-jdbc.xml</descriptor-file-name>
      </jdbc-system-resource>
      <use-default-target>false</use-default-target>
    </resource-group>
  </partition>
</domain>
